[
{"x": 392, "y": 175, "w": 32, "h": 62, "label": "c0cardface0", "is_bool_symbol": 0},
{"x": 448, "y": 175, "w": 32, "h": 65, "label": "c0cardface1", "is_bool_symbol": 0},
{"x": 501, "y": 177, "w": 32, "h": 63, "label": "c0cardface2", "is_bool_symbol": 0},
{"x": 558, "y": 176, "w": 32, "h": 63, "label": "c0cardface3", "is_bool_symbol": 0},
{"x": 613, "y": 176, "w": 32, "h": 63, "label": "c0cardface4", "is_bool_symbol": 0},
{"x": 284, "y": 213, "w": 76, "h": 23, "label": "c0pot0", "is_bool_symbol": 0},
{"x": 286, "y": 232, "w": 78, "h": 21, "label": "c0pot1", "is_bool_symbol": 0},
{"x": 467, "y": 467, "w": 97, "h": 34, "label": "i0button0", "is_bool_symbol": 0},
{"x": 471, "y": 511, "w": 90, "h": 33, "label": "i0button1", "is_bool_symbol": 0},
{"x": 463, "y": 554, "w": 100, "h": 34, "label": "i0button2", "is_bool_symbol": 0},
{"x": 432, "y": 418, "w": 32, "h": 13, "label": "i0edit", "is_bool_symbol": 0},
{"x": 583, "y": 288, "w": 32, "h": 67, "label": "is_hero_turn", "is_bool_symbol": 1},
{"x": 332, "y": 63, "w": 32, "h": 13, "label": "p0active", "is_bool_symbol": 1},
{"x": 273, "y": 45, "w": 64, "h": 16, "label": "p0balance", "is_bool_symbol": 0},
{"x": 292, "y": 137, "w": 86, "h": 20, "label": "p0bet", "is_bool_symbol": 0},
{"x": 226, "y": 128, "w": 32, "h": 13, "label": "p0dealer", "is_bool_symbol": 1},
{"x": 275, "y": 27, "w": 70, "h": 20, "label": "p0name", "is_bool_symbol": 0},
{"x": 228, "y": 67, "w": 36, "h": 13, "label": "p0seated", "is_bool_symbol": 1},
{"x": 534, "y": 63, "w": 35, "h": 16, "label": "p1active", "is_bool_symbol": 1},
{"x": 479, "y": 45, "w": 72, "h": 16, "label": "p1balance", "is_bool_symbol": 0},
{"x": 496, "y": 137, "w": 93, "h": 19, "label": "p1bet", "is_bool_symbol": 0},
{"x": 437, "y": 122, "w": 32, "h": 13, "label": "p1dealer", "is_bool_symbol": 1},
{"x": 479, "y": 28, "w": 94, "h": 18, "label": "p1name", "is_bool_symbol": 0},
{"x": 431, "y": 64, "w": 42, "h": 19, "label": "p1seated", "is_bool_symbol": 1},
{"x": 540, "y": 298, "w": 32, "h": 18, "label": "p2active", "is_bool_symbol": 1},
{"x": 483, "y": 370, "w": 85, "h": 15, "label": "p2balance", "is_bool_symbol": 0},
{"x": 499, "y": 275, "w": 85, "h": 16, "label": "p2bet", "is_bool_symbol": 0},
{"x": 496, "y": 293, "w": 32, "h": 60, "label": "p2cardface0", "is_bool_symbol": 0},
{"x": 527, "y": 291, "w": 32, "h": 64, "label": "p2cardface1", "is_bool_symbol": 0},
{"x": 438, "y": 294, "w": 32, "h": 13, "label": "p2dealer", "is_bool_symbol": 1},
{"x": 481, "y": 384, "w": 108, "h": 18, "label": "p2name", "is_bool_symbol": 0},
{"x": 434, "y": 371, "w": 35, "h": 20, "label": "p2seated", "is_bool_symbol": 1},
{"x": 327, "y": 296, "w": 37, "h": 19, "label": "p3active", "is_bool_symbol": 1},
{"x": 278, "y": 368, "w": 67, "h": 17, "label": "p3balance", "is_bool_symbol": 0},
{"x": 294, "y": 272, "w": 76, "h": 20, "label": "p3bet", "is_bool_symbol": 0},
{"x": 231, "y": 296, "w": 32, "h": 13, "label": "p3dealer", "is_bool_symbol": 1},
{"x": 274, "y": 383, "w": 85, "h": 17, "label": "p3name", "is_bool_symbol": 0},
{"x": 227, "y": 379, "w": 37, "h": 16, "label": "p3seated", "is_bool_symbol": 1},
{"x": 118, "y": 261, "w": 35, "h": 15, "label": "p4active", "is_bool_symbol": 1},
{"x": 64, "y": 335, "w": 76, "h": 16, "label": "p4balance", "is_bool_symbol": 0},
{"x": 88, "y": 241, "w": 82, "h": 16, "label": "p4bet", "is_bool_symbol": 0},
{"x": 24, "y": 261, "w": 32, "h": 13, "label": "p4dealer", "is_bool_symbol": 1},
{"x": 66, "y": 348, "w": 74, "h": 17, "label": "p4name", "is_bool_symbol": 0},
{"x": 17, "y": 334, "w": 40, "h": 22, "label": "p4seated", "is_bool_symbol": 1},
{"x": 118, "y": 99, "w": 37, "h": 17, "label": "p5active", "is_bool_symbol": 1},
{"x": 68, "y": 79, "w": 73, "h": 18, "label": "p5balance", "is_bool_symbol": 0},
{"x": 83, "y": 175, "w": 84, "h": 16, "label": "p5bet", "is_bool_symbol": 0},
{"x": 24, "y": 154, "w": 32, "h": 13, "label": "p5dealer", "is_bool_symbol": 1},
{"x": 68, "y": 63, "w": 78, "h": 16, "label": "p5name", "is_bool_symbol": 0},
{"x": 19, "y": 91, "w": 42, "h": 23, "label": "p5seated", "is_bool_symbol": 1}
]